{"cameraMode":{"drawMode":0,"name":"Shaded","section":"Shading Mode"},"sceneLighting":true,"audioPlay":false,"sceneViewState":{"showFog":false,"showMaterialUpdate":false,"showSkybox":false,"showFlares":false,"showImageEffects":true,"showParticleSystems":true},"in2DMode":false,"pivot":{"x":18.135644912719728,"y":-36.48414611816406,"z":-14.249337196350098},"rotation":{"x":0.32839393615722659,"y":-0.03258253633975983,"z":0.01133594661951065,"w":0.9439106583595276},"size":179.31004333496095,"orthographic":false}